,0,1,2
0,A03223-0,SimOpt_extensive_2,1.0
1,A03228-0,SimOpt_multispecies_0,1.0
2,A03229-0,SimOpt_int_short_0,1.0
3,A03239-0,SimOpt_extensive_0,1.0
4,A03256-0,SimOpt_int_short_2,1.0
5,A04023-0,SimOpt_int_short_0,1.0
6,A04028-0,SimOpt_extensive_0,0.9999999999999999
7,A04028-0,SimOpt_extensive_long_0,1.3427685842712498e-16
8,A04034-0,SimOpt_int_short_0,1.0
9,A04122-0,SimOpt_extensive_0,0.9999999999999999
10,A04122-0,SimOpt_extensive_long_0,1.9404154463025348e-16
11,A04135-0,SimOpt_multispecies_0,1.0
12,A04169-0,SimOpt_extensive_long_0,1.0
13,A04174-0,SimOpt_extensive_0,1.0
14,A04185-0,SimOpt_extensive_long_0,1.0
15,A04221-0,SimOpt_extensive_18,1.0
16,A06089-1,SimOpt_extensive_0,1.0
17,A06104-0,SimOpt_extensive_0,1.0
18,A06108-0,SimOpt_extensive_long_0,0.9999999999999999
19,A06108-0,SimOpt_no_management_0,2.1152631888056178e-16
20,A06186-1,SimOpt_extensive_long_0,0.9999999999999999
21,A06186-1,SimOpt_int_0,1.8726014345599254e-16
22,A06247-0,SimOpt_extensive_0,1.0
23,A06257-0,SimOpt_extensive_0,1.0
24,A07029-0,SimOpt_extensive_long_0,1.0
25,A07034-0,SimOpt_extensive_0,1.0
26,A07037-0,SimOpt_int_short_0,1.0
27,A07052-0,SimOpt_extensive_0,1.0
28,A07062-0,SimOpt_extensive_long_0,1.0
29,A07076-0,SimOpt_int_short_0,1.0
30,A07077-0,SimOpt_extensive_2,1.0
31,A07141-0,SimOpt_extensive_long_0,1.0
32,A07142-0,SimOpt_no_management_0,1.0
33,A07144-0,SimOpt_extensive_2,1.0
34,A07162-0,SimOpt_extensive_long_0,1.0
35,A07228-0,SimOpt_extensive_9,1.0
36,A10054-0,SimOpt_extensive_2,1.0000000000000002
37,A10151-0,SimOpt_extensive_0,1.0
38,A10153-1,SimOpt_extensive_long_0,1.0
39,A10188-0,SimOpt_int_short_0,1.0
40,A10203-0,SimOpt_extensive_long_0,1.0
41,A10204-0,SimOpt_int_short_0,1.0
42,A10253-0,SimOpt_extensive_1,2.0470179332938e-16
43,A10253-0,SimOpt_extensive_2,0.9999999999999999
44,A11016-0,SimOpt_extensive_18,1.0
45,A11066-0,SimOpt_extensive_0,1.0
46,A11123-1,SimOpt_extensive_long_18,1.0
47,A11169-0,SimOpt_extensive_0,1.0
48,A11178-0,SimOpt_extensive_0,1.0
49,A11191-0,SimOpt_extensive_long_0,0.4776440183806013
50,A11191-0,SimOpt_no_management_0,0.5223559816193986
51,A14028-0,SimOpt_extensive_long_0,0.9964574840306061
52,A14028-0,SimOpt_no_management_0,0.0035425159693938772
53,A14046-0,SimOpt_int_0,1.0
54,A14065-0,SimOpt_extensive_0,0.9999999999999999
55,A14079-0,SimOpt_extensive_long_0,1.0
56,A14094-0,SimOpt_int_short_0,1.0
57,A14116-0,SimOpt_extensive_0,2.1413563679518282e-16
58,A14116-0,SimOpt_int_0,0.9999999999999999
59,A14119-0,SimOpt_extensive_long_0,0.9999999999999999
60,A14119-0,SimOpt_int_0,1.4594840320888996e-16
61,A14126-0,SimOpt_int_0,1.0
62,A14141-0,SimOpt_extensive_long_0,1.0
63,A14143-0,SimOpt_extensive_2,1.0
64,A14145-0,SimOpt_extensive_long_0,1.0
65,A14158-0,SimOpt_extensive_2,1.0
66,A14163-0,SimOpt_int_0,1.0
67,A14183-0,SimOpt_extensive_long_0,1.0
68,A14186-0,SimOpt_int_short_0,1.0
69,A14188-0,SimOpt_extensive_long_0,0.9596690577162583
70,A14188-0,SimOpt_int_0,0.04033094228374161
71,A14192-0,SimOpt_int_short_0,1.0
72,A14204-0,SimOpt_extensive_long_0,1.0
73,A14207-0,SimOpt_extensive_18,1.0
74,A14231-0,SimOpt_extensive_long_9,1.0
75,A14233-1,SimOpt_no_management_0,1.0000000000000002
76,A14249-0,SimOpt_extensive_0,1.0
77,A15017-0,SimOpt_extensive_2,1.0
78,A15022-0,SimOpt_extensive_2,1.0
79,A15023-0,SimOpt_extensive_9,1.0
80,A15026-0,SimOpt_int_short_0,1.0
81,A15027-0,SimOpt_extensive_long_9,1.0
82,A15029-0,SimOpt_int_short_2,1.0
83,A15034-0,SimOpt_int_short_0,0.9999999999999999
84,A15034-0,SimOpt_multispecies_0,1.6404326874325357e-16
85,A15065-0,SimOpt_extensive_5,1.181219634854613e-16
86,A15065-0,SimOpt_extensive_6,0.9999999999999999
87,A15066-0,SimOpt_int_short_1,0.6565451459605435
88,A15066-0,SimOpt_int_short_2,0.3434548540394565
89,A15068-0,SimOpt_int_short_9,1.0
90,A15076-0,SimOpt_extensive_2,1.0
91,A15121-0,SimOpt_extensive_0,1.0
92,A15128-0,SimOpt_extensive_2,1.0
93,A15133-0,SimOpt_extensive_0,1.6252542507450672e-16
94,A15133-0,SimOpt_extensive_2,0.9999999999999999
95,A15137-1,SimOpt_extensive_2,1.0
96,A15163-0,SimOpt_extensive_long_18,1.0
97,A15172-0,SimOpt_extensive_long_12,1.0
98,A15181-0,SimOpt_no_management_0,1.0
99,A15184-0,SimOpt_extensive_1,1.0
100,A15186-0,SimOpt_extensive_2,1.0
101,A15187-0,SimOpt_extensive_0,1.4205215593004785e-16
102,A15187-0,SimOpt_int_short_0,0.9999999999999999
103,A15197-0,SimOpt_extensive_2,1.0
104,A15222-0,SimOpt_extensive_9,1.0
105,A15225-0,SimOpt_extensive_2,1.0
106,A15231-1,SimOpt_extensive_long_0,0.9999999999999999
107,A15231-1,SimOpt_int_short_9,1.7330153122213908e-16
108,A18032-0,SimOpt_extensive_0,0.9999999999999999
109,A18032-0,SimOpt_extensive_long_0,1.545203392022122e-16
110,A18035-0,SimOpt_int_short_0,1.0
111,A18068-0,SimOpt_int_0,1.5221568729374512e-16
112,A18068-0,SimOpt_int_short_0,0.9999999999999999
113,A18109-0,SimOpt_extensive_0,0.8170004885465448
114,A18109-0,SimOpt_extensive_long_0,0.1829995114534551
115,A18122-0,SimOpt_extensive_1,0.3184115136681044
116,A18122-0,SimOpt_extensive_4,0.6815884863318955
117,A18211-0,SimOpt_extensive_long_0,1.6075879247467206e-16
118,A18211-0,SimOpt_int_short_0,0.9999999999999999
119,A18219-0,SimOpt_extensive_2,0.9999999999999999
120,A18219-0,SimOpt_extensive_8,1.4596341932029877e-16
121,A18253-0,SimOpt_int_short_0,1.0
122,A18256-0,SimOpt_extensive_18,1.0
123,A19021-0,SimOpt_extensive_long_18,1.0
124,A19022-0,SimOpt_int_short_2,1.0
125,A19026-0,SimOpt_extensive_2,1.0
126,A19036-1,SimOpt_extensive_long_0,1.5278785337582435e-16
127,A19036-1,SimOpt_no_management_0,0.9999999999999999
128,A19052-0,SimOpt_extensive_18,1.0
129,A19058-0,SimOpt_extensive_2,1.0
130,A19182-0,SimOpt_extensive_18,1.0
131,A20014-0,SimOpt_extensive_1,1.0
132,A20015-0,SimOpt_extensive_2,1.0
133,A22011-0,SimOpt_no_management_0,1.0
134,A22091-0,SimOpt_extensive_4,1.0
135,A22095-0,SimOpt_no_management_0,1.0
136,A22098-0,SimOpt_extensive_1,1.0
137,A22103-0,SimOpt_extensive_long_0,1.0
138,A22107-0,SimOpt_extensive_9,1.0
139,A22161-0,SimOpt_int_short_0,1.0
140,A22186-0,SimOpt_extensive_0,1.0
141,A22224-0,SimOpt_int_short_0,1.0
142,A22229-0,SimOpt_extensive_9,1.0
143,A23224-1,SimOpt_int_short_0,1.0
144,A23227-0,SimOpt_extensive_5,1.0
145,A23236-0,SimOpt_int_0,1.0
146,A25054-0,SimOpt_int_0,1.0
147,A25193-2,SimOpt_int_short_0,1.0
148,A25195-0,SimOpt_int_short_0,1.0
149,A25205-0,SimOpt_int_0,0.49900267870066883
150,A25205-0,SimOpt_int_short_0,0.5009973212993312
151,A26023-1,SimOpt_extensive_0,1.0
152,A26029-0,SimOpt_extensive_long_0,1.0
153,A26117-2,SimOpt_extensive_1,1.0
154,A26127-0,SimOpt_no_management_0,1.0
155,A26145-0,SimOpt_extensive_0,1.9961958833401193e-16
156,A26145-0,SimOpt_int_0,0.9999999999999999
157,A26156-0,SimOpt_extensive_2,1.0
158,A26171-0,SimOpt_extensive_0,1.0
159,A26171-0,SimOpt_int_0,6.755953023694365e-17
160,A26198-0,SimOpt_int_0,1.0
161,A27119-0,SimOpt_int_0,1.0
162,A27122-0,SimOpt_extensive_2,1.0
163,A27126-0,SimOpt_int_short_0,1.0
164,A27129-0,SimOpt_extensive_2,1.0
165,A27191-0,SimOpt_extensive_2,1.0
166,A27195-0,SimOpt_extensive_long_0,1.0
167,A27235-1,SimOpt_extensive_long_9,1.0
168,A28062-0,SimOpt_multispecies_0,1.0
169,A28067-0,SimOpt_int_short_0,1.0
170,A28069-0,SimOpt_no_management_0,1.0
171,A29052-0,SimOpt_extensive_long_10,1.0
172,A29153-0,SimOpt_int_0,1.0
173,A30011-0,SimOpt_extensive_1,1.0
174,A30113-0,SimOpt_extensive_2,0.9232027196097549
175,A30113-0,SimOpt_int_short_1,0.0767972803902452
176,A30115-0,SimOpt_extensive_long_9,0.9999999999999999
177,A30166-0,SimOpt_int_short_0,1.0
178,A30242-1,SimOpt_extensive_long_0,1.0
179,A31188-0,SimOpt_extensive_18,1.0
180,A31255-2,SimOpt_int_short_0,1.0
181,A31257-0,SimOpt_extensive_0,1.0
182,A31258-0,SimOpt_no_management_0,1.0
183,A32171-0,SimOpt_extensive_0,1.0
184,A32172-0,SimOpt_extensive_14,1.0
185,A33055-0,SimOpt_extensive_2,0.9999999999999999
186,A33055-0,SimOpt_extensive_4,1.6867329806369672e-16
187,A33109-0,SimOpt_extensive_9,1.0
188,A33233-1,SimOpt_extensive_long_0,1.0
189,A34075-0,SimOpt_extensive_18,1.0
190,A34159-0,SimOpt_int_0,1.0
191,A34164-0,SimOpt_int_short_0,1.0
192,A34173-0,SimOpt_extensive_long_0,1.0
193,A34181-0,SimOpt_extensive_long_0,1.0000000000000002
194,A34202-0,SimOpt_extensive_0,1.0
195,A34243-0,SimOpt_extensive_18,1.0
196,A34251-0,SimOpt_int_short_0,1.0
197,A35071-0,SimOpt_no_management_0,1.0
198,A36021-0,SimOpt_extensive_2,1.0
199,A36119-0,SimOpt_no_management_0,1.0
200,A36123-0,SimOpt_extensive_long_0,1.0
201,A36163-0,SimOpt_extensive_0,1.122742209237222e-16
202,A36163-0,SimOpt_extensive_long_0,0.9999999999999999
203,A38012-1,SimOpt_no_management_0,1.0
204,A38066-0,SimOpt_extensive_0,0.9999999999999999
205,A38066-0,SimOpt_int_0,1.2221363365240332e-16
206,A38155-0,SimOpt_extensive_18,1.0
207,A38156-1,SimOpt_int_short_0,0.9999999999999999
208,A38156-1,SimOpt_multispecies_0,1.3177257070042117e-16
209,A38179-0,SimOpt_extensive_long_0,1.0
210,A38194-2,SimOpt_no_management_0,1.0
211,A38246-0,SimOpt_int_short_0,1.0
212,A39075-0,SimOpt_extensive_18,1.0
213,A39127-0,SimOpt_int_short_0,1.0
214,A39196-0,SimOpt_int_0,1.0
215,A39236-0,SimOpt_extensive_long_0,0.9999999999999999
216,A40068-0,SimOpt_int_short_0,1.0
217,A42041-0,SimOpt_extensive_long_18,1.0
218,A42156-0,SimOpt_extensive_0,1.6679885476930407e-16
219,A42156-0,SimOpt_int_0,0.9999999999999999
220,A42183-2,SimOpt_extensive_0,2.0327880753953213e-16
221,A42183-2,SimOpt_extensive_long_0,0.9999999999999999
222,A42207-1,SimOpt_int_short_0,1.0
223,A43039-0,SimOpt_extensive_long_0,1.0
224,A43079-1,SimOpt_extensive_long_0,1.0
225,A43133-0,SimOpt_extensive_9,1.0
226,A43141-0,SimOpt_extensive_2,1.0
227,A43156-0,SimOpt_extensive_long_0,0.9326386598436364
228,A43156-0,SimOpt_int_short_0,0.06736134015636361
229,A43163-0,SimOpt_extensive_long_18,1.0
230,A43165-1,SimOpt_extensive_0,1.0
231,A43201-0,SimOpt_extensive_long_0,1.0
232,A43227-1,SimOpt_extensive_0,1.0
233,A43231-1,SimOpt_int_0,1.0
234,A43241-0,SimOpt_int_short_0,1.0
235,A43254-0,SimOpt_extensive_long_18,1.0
236,A43256-0,SimOpt_extensive_long_18,1.0
237,A44011-0,SimOpt_extensive_0,1.0
238,A44127-0,SimOpt_extensive_9,1.0
239,A44161-0,SimOpt_extensive_long_0,1.0
240,A46103-1,SimOpt_int_short_0,1.0
241,A47023-0,SimOpt_extensive_long_18,1.0
242,A47027-1,SimOpt_extensive_0,1.0
243,A47049-0,SimOpt_extensive_9,1.480163759494968e-16
244,A47049-0,SimOpt_int_short_2,0.9999999999999999
245,A47054-1,SimOpt_int_short_0,1.0
246,A47057-0,SimOpt_int_short_0,1.0
247,A47058-1,SimOpt_extensive_0,1.0
248,A47088-0,SimOpt_extensive_9,1.0
249,A47096-0,SimOpt_extensive_0,1.0
250,A47133-0,SimOpt_extensive_long_0,1.0
251,A48115-0,SimOpt_extensive_9,0.9999999999999999
252,A48115-0,SimOpt_extensive_long_9,2.1246392194423493e-16
253,A48228-0,SimOpt_extensive_0,1.0
254,A52023-0,SimOpt_int_0,0.5611887812716555
255,A52023-0,SimOpt_int_short_0,0.43881121872834444
256,A52026-0,SimOpt_extensive_2,1.0
257,A52031-0,SimOpt_extensive_9,1.0
258,A52031-0,SimOpt_extensive_long_9,4.323581321770874e-17
259,B01044-1,SimOpt_int_short_9,1.0
260,B01058-0,SimOpt_int_9,0.9999999999999999
261,B01085-2,SimOpt_extensive_long_0,1.0
262,B01089-0,SimOpt_extensive_long_0,1.0
263,B01101-0,SimOpt_extensive_long_0,0.24354697519548635
264,B01101-0,SimOpt_int_short_0,0.7564530248045136
265,B01104-0,SimOpt_extensive_0,1.5113784648276765e-16
266,B01104-0,SimOpt_int_0,0.9999999999999999
267,B01152-0,SimOpt_int_0,0.772012581379197
268,B01152-0,SimOpt_int_short_0,0.227987418620803
269,B01156-0,SimOpt_int_0,1.0
270,B02078-0,SimOpt_extensive_0,1.0
271,B02114-0,SimOpt_int_short_0,1.0
272,B02121-0,SimOpt_extensive_long_18,1.0
273,B02163-0,SimOpt_extensive_9,1.0
274,B02167-0,SimOpt_int_short_0,1.0
275,B02175-0,SimOpt_int_1,1.0
276,B02179-0,SimOpt_int_0,1.0
277,B02195-0,SimOpt_int_short_0,1.0
278,B02201-0,SimOpt_int_short_2,1.0
279,B02204-0,SimOpt_extensive_3,0.6737216873831572
280,B02204-0,SimOpt_extensive_4,0.06555719875927365
281,B02204-0,SimOpt_extensive_5,0.2607211138575693
282,B02207-0,SimOpt_extensive_long_0,1.0
283,B02213-0,SimOpt_int_short_0,1.0
284,B02226-0,SimOpt_extensive_long_0,1.146804088161564e-16
285,B02226-0,SimOpt_int_short_0,0.9999999999999999
286,B02251-0,SimOpt_int_9,1.0
287,B03164-0,SimOpt_extensive_0,1.0
288,B03167-0,SimOpt_extensive_18,1.0
289,B03168-1,SimOpt_extensive_9,1.0
290,B05092-0,SimOpt_extensive_9,1.0
291,B05094-0,SimOpt_extensive_long_0,1.0
292,B05102-0,SimOpt_extensive_0,1.158436262738728e-16
293,B05102-0,SimOpt_int_short_0,0.9999999999999999
294,B05107-0,SimOpt_extensive_long_9,1.0
295,B05149-0,SimOpt_extensive_long_18,1.0
296,B05193-0,SimOpt_extensive_18,1.0
297,B06022-1,SimOpt_extensive_0,1.8875736356407418e-16
298,B06022-1,SimOpt_int_short_0,0.9999999999999999
299,B06022-2,SimOpt_extensive_8,1.0000000000000002
300,B06042-1,SimOpt_int_0,1.0
301,B06063-0,SimOpt_extensive_2,1.0
302,B06065-0,SimOpt_int_short_0,1.0
303,B06073-0,SimOpt_extensive_0,0.9999999999999999
304,B06073-0,SimOpt_extensive_long_0,1.3115656768708534e-16
305,B06091-0,SimOpt_extensive_0,1.0
306,B06093-1,SimOpt_extensive_0,1.0000000000000002
307,B06112-0,SimOpt_int_0,0.9999999999999999
308,B06112-0,SimOpt_int_short_0,1.2543966838413929e-16
309,B06122-0,SimOpt_int_short_0,1.0
310,B06124-0,SimOpt_extensive_2,1.0
311,B06125-0,SimOpt_extensive_0,1.0
312,B06127-0,SimOpt_int_short_0,1.0
313,B06139-0,SimOpt_extensive_18,1.0
314,B06148-0,SimOpt_extensive_2,1.0
315,B06178-0,SimOpt_int_9,1.0
316,B06192-0,SimOpt_extensive_0,1.0
317,B06228-0,SimOpt_int_short_0,1.0
318,B06252-0,SimOpt_extensive_0,1.0
319,B06253-0,SimOpt_extensive_long_0,1.0
320,B06256-0,SimOpt_no_management_0,1.0
321,B07015-0,SimOpt_extensive_9,0.9999999999999999
322,B07015-0,SimOpt_extensive_long_9,1.402927860649029e-16
323,B07016-0,SimOpt_ccover_0,1.0
324,B07073-0,SimOpt_int_1,1.0
325,B07074-0,SimOpt_extensive_0,1.0
326,B07084-0,SimOpt_extensive_0,1.0
327,B07089-0,SimOpt_int_short_0,1.0
328,B07111-0,SimOpt_int_0,1.0
329,B07131-0,SimOpt_int_0,0.5836511009422748
330,B07131-0,SimOpt_int_short_0,0.4163488990577252
331,B07141-0,SimOpt_extensive_long_0,1.0
332,B07146-0,SimOpt_extensive_long_0,1.0
333,B07163-1,SimOpt_int_short_0,1.0
334,B07177-0,SimOpt_extensive_long_0,1.0
335,B07226-1,SimOpt_extensive_0,1.32680045420369e-18
336,B07226-1,SimOpt_int_short_0,1.0
337,B07244-0,SimOpt_extensive_long_0,1.0
338,B07254-0,SimOpt_extensive_9,0.9999999999999999
339,B09255-0,SimOpt_int_3,1.0
340,B09259-0,SimOpt_extensive_18,1.0000000000000002
341,B10015-0,SimOpt_extensive_10,1.0
342,B10022-1,SimOpt_int_short_0,1.0
343,B10041-0,SimOpt_int_short_0,1.0
344,B10056-0,SimOpt_extensive_long_0,1.0
345,B10062-0,SimOpt_extensive_9,1.0
346,B10087-0,SimOpt_extensive_0,1.0
347,B10091-0,SimOpt_extensive_long_13,1.0
348,B10115-0,SimOpt_extensive_18,1.0
349,B10139-0,SimOpt_extensive_2,1.0
350,B10251-0,SimOpt_extensive_18,1.0
351,B11068-2,SimOpt_int_0,1.0
352,B11082-0,SimOpt_extensive_0,1.0
353,B11125-0,SimOpt_extensive_9,1.0
354,B11186-0,SimOpt_extensive_long_0,1.0
355,B11212-0,SimOpt_int_short_0,1.0
356,B11213-1,SimOpt_int_0,1.0
357,B11252-0,SimOpt_int_short_0,1.0
358,B11257-0,SimOpt_extensive_0,1.0
359,B11258-0,SimOpt_extensive_0,1.0
360,B12017-0,SimOpt_extensive_0,1.0
361,B12065-0,SimOpt_int_short_9,1.0
362,B12071-0,SimOpt_int_0,1.0
363,B12075-0,SimOpt_extensive_long_0,1.0
364,B12087-0,SimOpt_extensive_0,0.9999999999999999
365,B12087-0,SimOpt_extensive_long_0,2.1037497447189154e-16
366,B12115-0,SimOpt_extensive_0,1.0
367,B12128-0,SimOpt_extensive_1,1.0
368,B12169-2,SimOpt_int_short_0,1.0
369,B12177-0,SimOpt_int_0,1.0
370,B12219-0,SimOpt_int_0,1.0
371,B13141-0,SimOpt_extensive_long_18,0.9999999999999999
372,B13143-0,SimOpt_extensive_1,1.0
373,B13157-0,SimOpt_extensive_9,1.0
374,B14045-0,SimOpt_extensive_0,1.2551221952479198e-16
375,B14045-0,SimOpt_int_short_0,0.9999999999999999
376,B14082-0,SimOpt_int_2,1.0
377,B14132-0,SimOpt_extensive_9,1.0
378,B14133-0,SimOpt_extensive_10,1.0
379,B14142-0,SimOpt_int_short_0,1.0
380,B14151-0,SimOpt_extensive_long_0,1.0
381,B14176-0,SimOpt_extensive_0,1.0
382,B14183-0,SimOpt_extensive_2,1.0
383,B14199-0,SimOpt_extensive_1,1.0
384,B14204-0,SimOpt_int_short_0,1.0
385,B14223-0,SimOpt_ccover_0,1.0
386,B14236-0,SimOpt_extensive_14,1.0
387,B14253-0,SimOpt_extensive_0,1.0
388,B15014-0,SimOpt_extensive_1,1.0
389,B15014-0,SimOpt_extensive_3,2.6885371426642624e-17
390,B15032-0,SimOpt_extensive_0,1.0
391,B15039-0,SimOpt_extensive_9,1.0
392,B15052-1,SimOpt_int_0,1.0
393,B15055-0,SimOpt_int_short_0,1.0
394,B15069-1,SimOpt_int_short_0,1.0
395,B15074-0,SimOpt_extensive_0,9.911804308603403e-18
396,B15074-0,SimOpt_int_0,1.0
397,B15089-1,SimOpt_extensive_2,1.0
398,B15116-0,SimOpt_extensive_0,1.0
399,B15127-0,SimOpt_extensive_long_0,1.0
400,B15149-0,SimOpt_int_short_0,1.0
401,B15192-0,SimOpt_extensive_9,1.0
402,B15203-0,SimOpt_extensive_2,1.0
403,B16013-0,SimOpt_extensive_18,1.0
404,B16021-0,SimOpt_int_short_0,0.9999999999999999
405,B16069-0,SimOpt_extensive_2,1.0
406,B16079-0,SimOpt_int_0,1.0
407,B16116-0,SimOpt_int_0,1.0
408,B16118-0,SimOpt_int_0,1.0
409,B16162-0,SimOpt_int_0,1.7816262934339788e-16
410,B16162-0,SimOpt_int_short_0,0.9999999999999999
411,B16164-0,SimOpt_int_0,1.7816262934339788e-16
412,B16164-0,SimOpt_int_short_0,0.9999999999999999
413,B16217-0,SimOpt_ccover_0,1.0
414,B16227-0,SimOpt_int_short_0,0.9999999999999999
415,B16227-0,SimOpt_multispecies_0,2.538229326093236e-16
416,B17104-0,SimOpt_extensive_long_0,1.0
417,B17153-0,SimOpt_extensive_18,1.0
418,B18035-0,SimOpt_int_short_0,0.9999999999999999
419,B19041-0,SimOpt_no_management_0,1.0
420,B19042-1,SimOpt_extensive_0,1.6341619084729883e-16
421,B19042-1,SimOpt_extensive_long_0,0.9999999999999999
422,B19104-0,SimOpt_extensive_0,1.0
423,B19202-0,SimOpt_int_short_0,1.0
424,B19204-2,SimOpt_extensive_15,0.5455025567522017
425,B19204-2,SimOpt_extensive_long_11,0.4544974432477984
426,B19237-0,SimOpt_int_2,1.0
427,B20014-0,SimOpt_int_short_0,1.0000000000000002
428,B20169-0,SimOpt_extensive_long_0,1.0
429,B20212-0,SimOpt_extensive_long_0,1.0
430,B20215-0,SimOpt_int_0,1.0
431,B20222-0,SimOpt_extensive_10,0.3263106704503711
432,B20222-0,SimOpt_extensive_9,0.6736893295496287
433,B23102-0,SimOpt_int_short_0,1.0
434,B23192-0,SimOpt_int_0,1.0
435,B23239-0,SimOpt_extensive_9,1.0
436,B23241-0,SimOpt_extensive_long_9,1.0
437,B24063-0,SimOpt_int_short_0,1.9815265950656656e-16
438,B24063-0,SimOpt_multispecies_0,0.9999999999999999
439,B24164-0,SimOpt_ccover_0,1.0
440,B26153-0,SimOpt_extensive_long_0,1.0
441,B27096-0,SimOpt_no_management_0,1.8103565595533412e-16
442,B27096-0,SimOpt_int_short_0,0.9999999999999999
443,B27105-0,SimOpt_int_0,0.9999999999999999
444,B27105-0,SimOpt_multispecies_0,1.3888724433395338e-16
445,B27144-0,SimOpt_ccover_0,1.0
446,B27226-0,SimOpt_extensive_0,1.0
447,B27241-0,SimOpt_int_9,0.9999999999999999
448,B27241-0,SimOpt_int_short_9,1.381588735216756e-16
449,B27246-0,SimOpt_extensive_2,1.0
450,B29252-0,SimOpt_extensive_18,1.0
451,B30214-1,SimOpt_extensive_long_18,1.0
452,B31107-0,SimOpt_extensive_long_0,1.0
453,B31231-0,SimOpt_extensive_0,1.0
454,B32071-0,SimOpt_int_0,1.0
455,B33047-0,SimOpt_int_short_0,1.0
456,B33146-0,SimOpt_extensive_long_0,1.0
457,B33148-0,SimOpt_extensive_long_0,1.0
458,B33159-0,SimOpt_extensive_2,1.0
459,B33198-1,SimOpt_extensive_0,3.6468179035436887e-17
460,B33198-1,SimOpt_no_management_0,1.0
461,B33202-0,SimOpt_extensive_18,1.0
462,B33248-0,SimOpt_extensive_0,1.290981739571223e-16
463,B33248-0,SimOpt_extensive_long_0,0.9999999999999999
464,B36223-0,SimOpt_int_0,1.0
465,B38231-0,SimOpt_extensive_0,1.0
466,B39137-0,SimOpt_int_short_2,1.0
467,B39141-0,SimOpt_int_short_0,1.0
468,B39142-0,SimOpt_extensive_0,1.465096412804878e-16
469,B39142-0,SimOpt_extensive_long_0,0.9999999999999999
470,B39144-0,SimOpt_extensive_long_0,1.0
471,B39156-1,SimOpt_extensive_0,1.0
472,B41206-0,SimOpt_extensive_2,0.9999999999999999
473,B41206-0,SimOpt_extensive_9,1.5503920632941672e-16
474,B41207-0,SimOpt_int_short_0,1.0
475,B42192-1,SimOpt_extensive_long_0,1.0
476,B42194-0,SimOpt_extensive_long_2,1.0
477,B45099-0,SimOpt_int_short_0,1.0
478,B45148-0,SimOpt_extensive_long_0,1.0
479,B45149-0,SimOpt_extensive_2,1.0
480,B46028-0,SimOpt_int_0,1.0
481,B46046-0,SimOpt_int_9,1.0
482,B46064-0,SimOpt_extensive_long_18,1.0
483,B46074-2,SimOpt_extensive_18,1.0
484,B46112-0,SimOpt_extensive_long_18,1.0
485,B46152-1,SimOpt_extensive_0,1.0
486,B46161-0,SimOpt_extensive_long_0,1.0
487,B46166-0,SimOpt_extensive_0,1.0
488,B46185-0,SimOpt_extensive_long_0,1.0
489,B46195-1,SimOpt_int_0,1.0
490,B46214-0,SimOpt_extensive_1,1.0
491,B46219-0,SimOpt_no_management_0,1.0
492,B46224-0,SimOpt_int_11,1.0
493,B46225-1,SimOpt_int_0,1.0
494,B46242-0,SimOpt_int_short_0,1.0
495,B46245-1,SimOpt_int_short_0,1.0
496,B46245-2,SimOpt_int_0,1.0
497,B46251-1,SimOpt_int_short_0,1.0
498,B46257-0,SimOpt_int_0,1.0
499,B47101-0,SimOpt_extensive_9,1.0
500,B47117-0,SimOpt_extensive_18,0.9999999999999999
501,B49043-1,SimOpt_int_0,1.0
502,B49109-1,SimOpt_int_0,1.7593571905083858e-16
503,B49109-1,SimOpt_int_short_0,0.9999999999999999
504,B50031-0,SimOpt_extensive_long_1,1.0
505,B50044-0,SimOpt_int_0,0.9999999999999999
506,B50044-0,SimOpt_int_short_0,1.41400981114701e-16
507,B50047-0,SimOpt_int_short_0,1.0
508,B50057-0,SimOpt_extensive_1,1.0
509,B50077-0,SimOpt_no_management_0,1.0
510,B50081-0,SimOpt_extensive_long_0,1.0
511,B50097-0,SimOpt_int_short_0,1.0
512,B50102-0,SimOpt_extensive_0,1.0
513,B50126-0,SimOpt_extensive_15,1.0
514,B50137-2,SimOpt_extensive_long_0,1.0
515,B50159-0,SimOpt_int_short_2,1.0
516,B50189-0,SimOpt_extensive_long_0,1.0
517,B50198-0,SimOpt_extensive_long_18,1.0
518,B50233-0,SimOpt_int_short_2,1.0
519,B50255-0,SimOpt_extensive_0,1.0
520,B51018-0,SimOpt_no_management_0,1.0
521,B51081-0,SimOpt_extensive_9,1.0
522,B51084-0,SimOpt_extensive_2,1.0
523,B51126-1,SimOpt_extensive_2,0.9999999999999999
524,B51126-1,SimOpt_extensive_long_18,1.8006653625212878e-16
525,B51142-0,SimOpt_extensive_2,1.0
526,B51144-0,SimOpt_no_management_0,1.0
527,B51258-0,SimOpt_extensive_18,1.0
528,B52066-0,SimOpt_extensive_1,1.0
529,B54144-0,SimOpt_int_short_0,1.0
530,B55013-0,SimOpt_extensive_2,1.0
531,B55021-0,SimOpt_int_0,1.0
532,B55037-0,SimOpt_int_0,1.0
533,B55055-0,SimOpt_extensive_0,1.0
534,B55128-0,SimOpt_extensive_0,1.0
535,B55194-0,SimOpt_extensive_0,1.0
536,B55257-1,SimOpt_int_short_0,1.0
537,C01135-0,SimOpt_extensive_long_0,1.0
538,C01149-2,SimOpt_extensive_long_0,1.0
539,C01155-1,SimOpt_int_short_9,1.0
540,C01199-0,SimOpt_int_short_9,1.0
541,C01202-1,SimOpt_extensive_0,0.36877195504043164
542,C01202-1,SimOpt_int_short_0,0.6312280449595684
543,C01242-0,SimOpt_int_short_0,1.244634613563126e-16
544,C01242-0,SimOpt_multispecies_0,0.9999999999999999
545,C02062-0,SimOpt_int_short_0,1.0
546,C02121-0,SimOpt_int_short_0,1.0
547,C02124-0,SimOpt_int_4,0.2994191661645412
548,C02124-0,SimOpt_multispecies_1,0.7005808338354588
549,C02147-0,SimOpt_extensive_2,1.0
550,C02161-0,SimOpt_int_short_0,1.0
551,C02179-1,SimOpt_int_0,1.0
552,C02219-0,SimOpt_int_short_0,1.0
553,C02227-0,SimOpt_int_0,1.0
554,C03252-0,SimOpt_extensive_0,0.3038423291895609
555,C03252-0,SimOpt_extensive_long_0,0.696157670810439
556,C04017-0,SimOpt_int_short_9,1.0
557,C04116-0,SimOpt_extensive_0,0.8226032318251657
558,C04116-0,SimOpt_extensive_long_0,0.1773967681748343
559,C04121-0,SimOpt_extensive_3,0.8978370865721477
560,C04121-0,SimOpt_extensive_4,0.10216291342785228
561,C04175-0,SimOpt_extensive_long_0,1.0
562,C04218-0,SimOpt_extensive_0,1.0
563,C05051-0,SimOpt_int_short_0,1.0
564,C05052-0,SimOpt_int_short_2,1.0
565,C05155-0,SimOpt_extensive_0,1.3510938426862361e-16
566,C05155-0,SimOpt_int_0,0.9999999999999999
567,C05191-0,SimOpt_int_short_0,1.0
568,C05239-0,SimOpt_extensive_0,1.0
569,C05244-1,SimOpt_int_short_2,1.0
570,C06012-0,SimOpt_int_0,1.993461693746667e-16
571,C06012-0,SimOpt_int_short_0,0.9999999999999999
572,C06019-1,SimOpt_int_0,1.0
573,C06069-0,SimOpt_int_0,1.0
574,C06125-0,SimOpt_int_short_0,1.0
575,C06127-2,SimOpt_int_short_9,1.0
576,C06131-0,SimOpt_int_short_0,1.0
577,C06137-0,SimOpt_int_short_9,1.0
578,C06182-0,SimOpt_int_short_0,1.0
579,C07108-0,SimOpt_extensive_0,0.41517030560064644
580,C07108-0,SimOpt_extensive_long_0,0.5848296943993536
581,C07131-0,SimOpt_int_short_7,0.5991671211467571
582,C07131-0,SimOpt_multispecies_2,0.4008328788532428
583,C07136-0,SimOpt_multispecies_0,1.0
584,C07152-0,SimOpt_extensive_0,1.0
585,C07165-0,SimOpt_int_short_0,1.0
586,C07207-0,SimOpt_int_short_0,1.0
587,C07211-0,SimOpt_int_short_0,0.7693772464590973
588,C07211-0,SimOpt_multispecies_0,0.2306227535409026
589,C07241-0,SimOpt_extensive_long_1,1.0
590,C07245-0,SimOpt_int_0,0.5724379308829819
591,C07245-0,SimOpt_ccover_0,0.42756206911701805
592,C08018-0,SimOpt_multispecies_2,1.0
593,C08127-0,SimOpt_extensive_0,1.0
594,C08169-0,SimOpt_int_short_0,0.9999999999999998
595,C09098-0,SimOpt_int_short_0,1.0
596,C09201-0,SimOpt_extensive_long_0,1.0
597,C09206-0,SimOpt_int_short_0,1.0
598,C09245-0,SimOpt_int_short_0,1.0
599,C09249-1,SimOpt_int_0,1.0
600,C10029-0,SimOpt_multispecies_0,1.0
601,C10064-0,SimOpt_int_9,0.9999999999999999
602,C10064-0,SimOpt_int_short_9,1.4667519798593322e-16
603,C10074-0,SimOpt_int_0,1.0
604,C10078-0,SimOpt_int_0,0.9999999999999999
605,C10085-0,SimOpt_int_0,1.0
606,C10135-0,SimOpt_int_0,1.0
607,C10136-0,SimOpt_int_0,1.9153929755070182e-16
608,C10136-0,SimOpt_int_short_0,0.9999999999999999
609,C10149-0,SimOpt_no_management_0,1.0
610,C10163-0,SimOpt_int_short_7,1.0
611,C10177-0,SimOpt_extensive_long_0,1.0
612,C10178-0,SimOpt_multispecies_0,1.0
613,C10197-0,SimOpt_ccover_0,1.0
614,C10199-0,SimOpt_int_short_0,1.0
615,C10206-1,SimOpt_ccover_0,1.0
616,C10207-0,SimOpt_int_short_0,1.0
617,C10208-0,SimOpt_int_0,1.0
618,C10209-0,SimOpt_extensive_0,1.0
619,C10211-1,SimOpt_extensive_9,1.0
620,C10219-1,SimOpt_extensive_2,1.0
621,C10236-0,SimOpt_int_short_1,1.0
622,C10243-1,SimOpt_extensive_2,1.0
623,C10243-2,SimOpt_extensive_0,0.9999999999999999
624,C10243-2,SimOpt_extensive_long_0,1.65194124483854e-16
625,C10246-1,SimOpt_multispecies_0,1.0
626,C10251-0,SimOpt_int_short_0,1.0
627,C10252-0,SimOpt_int_short_0,1.0
628,C10253-0,SimOpt_extensive_13,1.0
629,C10254-0,SimOpt_int_short_0,1.0
630,C10255-1,SimOpt_int_0,1.0
631,C10256-0,SimOpt_int_short_0,1.0
632,C10258-0,SimOpt_extensive_0,1.0
633,C10259-0,SimOpt_extensive_4,1.0
634,C11032-0,SimOpt_int_short_0,1.0
635,C11076-0,SimOpt_int_short_0,1.0
636,C11077-0,SimOpt_int_short_0,1.0
637,C11113-0,SimOpt_extensive_1,0.9999999999999999
638,C11113-0,SimOpt_extensive_long_1,2.120863348861372e-16
639,C11121-0,SimOpt_extensive_6,1.0
640,C11124-0,SimOpt_ccover_0,1.0
641,C11127-0,SimOpt_extensive_0,1.192156695173443e-16
642,C11127-0,SimOpt_int_short_0,0.9999999999999999
643,C11134-0,SimOpt_int_0,1.0
644,C11144-0,SimOpt_int_0,1.0
645,C11144-0,SimOpt_int_short_2,2.3474368203343368e-17
646,C11146-0,SimOpt_extensive_2,1.0
647,C11164-0,SimOpt_extensive_0,1.0
648,C11165-0,SimOpt_int_short_0,1.0
649,C11166-0,SimOpt_int_short_1,1.0
650,C11167-0,SimOpt_int_short_1,1.0
651,C11168-0,SimOpt_int_short_0,1.0
652,C11174-0,SimOpt_int_0,1.0
653,C11175-0,SimOpt_extensive_1,1.0
654,C11204-0,SimOpt_extensive_long_0,1.0
655,C11211-0,SimOpt_int_short_0,1.0
656,C11212-1,SimOpt_extensive_0,1.0
657,C11214-0,SimOpt_int_0,1.0
658,C11215-0,SimOpt_int_short_4,1.0
659,C11217-0,SimOpt_extensive_long_0,1.0
660,C11256-0,SimOpt_int_short_0,0.9999999999999999
661,C11256-0,SimOpt_int_short_8,1.5931798017673495e-16
662,C12013-0,SimOpt_int_short_0,1.0
663,C12027-0,SimOpt_int_0,1.0
664,C12037-0,SimOpt_int_2,1.0
665,C12166-2,SimOpt_int_short_0,1.0
666,C12178-0,SimOpt_int_short_1,0.5091616304500393
667,C12178-0,SimOpt_int_short_6,0.4908383695499607
668,C13049-1,SimOpt_extensive_0,1.0
669,C13054-1,SimOpt_extensive_0,1.0
670,C13057-0,SimOpt_int_short_0,1.0
671,C13155-0,SimOpt_int_0,1.7614548232185261e-16
672,C13155-0,SimOpt_int_short_0,0.9999999999999999
673,C13255-0,SimOpt_multispecies_0,1.0
674,C14033-0,SimOpt_extensive_1,1.0
675,C14039-0,SimOpt_int_short_0,1.0
676,C14043-0,SimOpt_int_short_0,1.0
677,C14052-0,SimOpt_extensive_0,1.0
678,C14053-0,SimOpt_extensive_2,1.0
679,C14063-0,SimOpt_int_short_0,1.0
680,C14096-0,SimOpt_int_0,1.0
681,C14131-0,SimOpt_int_short_0,1.0
682,C14208-0,SimOpt_extensive_0,1.0
683,C14212-0,SimOpt_extensive_10,1.0
684,C14228-0,SimOpt_int_short_0,1.0
685,C15064-0,SimOpt_int_short_0,1.0000000000000002
686,C15112-0,SimOpt_extensive_long_10,1.0
687,C15183-0,SimOpt_int_short_0,1.0
688,C15224-0,SimOpt_extensive_0,1.0
689,C15235-0,SimOpt_int_short_0,1.0
690,C16111-1,SimOpt_int_short_11,0.9999999999999999
691,C16166-0,SimOpt_int_0,1.0
692,C16185-0,SimOpt_extensive_0,0.9999999999999999
693,C16185-0,SimOpt_multispecies_0,2.1252743022025183e-16
694,C16187-0,SimOpt_int_0,1.0
695,C16214-0,SimOpt_int_short_4,1.0
696,C17096-0,SimOpt_multispecies_0,1.0
697,C17101-0,SimOpt_extensive_0,1.0
698,C17146-0,SimOpt_int_short_0,1.0
699,C18039-0,SimOpt_extensive_2,2.1340728226567606e-16
700,C18039-0,SimOpt_int_short_4,0.9999999999999999
701,C18067-0,SimOpt_int_short_0,1.0
702,C18091-0,SimOpt_int_short_0,1.0
703,C18096-0,SimOpt_extensive_long_0,1.0
704,C18145-0,SimOpt_int_short_0,1.0
705,C18247-0,SimOpt_int_short_0,1.0
706,C19016-0,SimOpt_multispecies_0,1.0
707,C19023-0,SimOpt_extensive_0,1.0
708,C19076-0,SimOpt_multispecies_0,1.0
709,C19094-0,SimOpt_extensive_long_0,1.0
710,C19094-0,SimOpt_int_0,1.0953458347017877e-17
711,C19101-1,SimOpt_int_short_0,1.0
712,C19211-0,SimOpt_int_short_0,1.0
713,C19213-0,SimOpt_extensive_long_5,1.0
714,C20037-0,SimOpt_int_short_0,1.0
715,C20084-0,SimOpt_int_0,1.0
716,C20161-0,SimOpt_int_0,1.0
717,C20177-0,SimOpt_int_0,1.0
718,C22028-0,SimOpt_ccover_0,1.0
719,C22041-0,SimOpt_ccover_0,1.0
720,C22179-0,SimOpt_int_short_0,1.0
721,C22189-0,SimOpt_int_short_6,1.0
722,C22198-2,SimOpt_extensive_long_0,1.1710178742263128e-16
723,C22198-2,SimOpt_int_0,0.9999999999999999
724,C22259-0,SimOpt_extensive_long_0,1.4203608282885474e-16
725,C22259-0,SimOpt_extensive_long_2,0.9999999999999999
726,C23017-0,SimOpt_extensive_long_0,1.0
727,C23055-0,SimOpt_int_0,1.914596016618479e-16
728,C23055-0,SimOpt_int_short_0,0.9999999999999999
729,C23135-0,SimOpt_int_0,1.0
730,C23158-0,SimOpt_int_0,0.0870657997171326
731,C23158-0,SimOpt_int_short_0,0.9129342002828674
732,C23198-0,SimOpt_extensive_long_0,1.7816262934339788e-16
733,C23198-0,SimOpt_int_0,0.9999999999999999
734,C23208-0,SimOpt_extensive_long_0,1.0
735,C23243-0,SimOpt_int_0,5.889895792401483e-17
736,C23243-0,SimOpt_int_short_2,1.0
737,C23253-1,SimOpt_extensive_6,1.0
738,C25052-1,SimOpt_extensive_long_0,0.9999999999999999
739,C25052-1,SimOpt_ccover_0,2.115276562897665e-16
740,C25154-0,SimOpt_extensive_9,1.0
741,C25158-0,SimOpt_no_management_0,1.0
742,C26038-0,SimOpt_int_0,1.0
743,C26084-0,SimOpt_extensive_0,1.0
744,C26117-0,SimOpt_extensive_18,0.9999999999999999
745,C26131-0,SimOpt_extensive_0,1.0
746,C27095-0,SimOpt_int_short_0,1.0
747,C27144-1,SimOpt_extensive_0,1.0
748,C30121-0,SimOpt_no_management_0,1.0
749,C31124-0,SimOpt_extensive_long_4,1.0
750,C31142-0,SimOpt_extensive_0,1.0
751,C34101-1,SimOpt_int_short_0,1.0
752,C34158-0,SimOpt_extensive_9,1.0
753,C34203-0,SimOpt_extensive_18,1.0
754,C35026-0,SimOpt_int_2,1.0
755,C35028-0,SimOpt_extensive_8,0.24734611921698
756,C35028-0,SimOpt_int_short_5,0.75265388078302
757,C35174-0,SimOpt_extensive_0,1.9831241999115992e-16
758,C35174-0,SimOpt_extensive_2,0.9999999999999999
759,C35211-2,SimOpt_extensive_9,1.0
760,C35239-0,SimOpt_int_short_0,1.0
761,C36069-2,SimOpt_extensive_2,1.0
762,C38077-0,SimOpt_int_short_2,1.0
763,C38113-0,SimOpt_int_0,1.0
764,C38169-0,SimOpt_extensive_long_0,0.9999999999999999
765,C38169-0,SimOpt_int_short_0,1.996034458011603e-16
766,C38175-1,SimOpt_extensive_2,1.0
767,C38214-0,SimOpt_extensive_0,1.0
768,C38225-1,SimOpt_int_short_0,1.0
769,C38245-0,SimOpt_no_management_0,1.0
770,C39041-0,SimOpt_extensive_2,1.0000000000000002
771,C39093-0,SimOpt_extensive_2,1.0
772,C39233-0,SimOpt_multispecies_17,1.2524366096146589e-16
773,C39233-0,SimOpt_multispecies_18,0.9999999999999999
774,C41196-0,SimOpt_extensive_8,1.0
775,C41259-0,SimOpt_int_1,1.0
776,C42038-0,SimOpt_extensive_0,1.0
777,C42046-0,SimOpt_ccover_0,1.0
778,C42049-0,SimOpt_int_9,1.5882391143279302e-16
779,C42049-0,SimOpt_int_short_9,0.9999999999999999
780,C42068-0,SimOpt_extensive_long_1,1.0
781,C42073-1,SimOpt_extensive_10,1.0
782,C42085-0,SimOpt_int_0,1.0
783,C42089-0,SimOpt_no_management_0,1.0
784,C42172-0,SimOpt_extensive_long_0,1.0
785,C42224-0,SimOpt_int_2,1.4256880347234427e-16
786,C42224-0,SimOpt_int_4,0.9999999999999999
787,C42241-1,SimOpt_ccover_0,1.0
788,C43031-0,SimOpt_int_short_3,0.9999999999999999
789,C43031-0,SimOpt_int_short_4,1.1613992704064084e-16
790,C43138-0,SimOpt_int_0,1.0
791,C43157-0,SimOpt_no_management_0,1.0
792,C43172-0,SimOpt_extensive_long_10,1.0
793,C43234-0,SimOpt_ccover_0,1.0
794,C43235-0,SimOpt_int_short_0,1.0
795,C44111-1,SimOpt_extensive_long_10,1.0
796,C46013-0,SimOpt_int_0,1.1619008041341304e-16
797,C46013-0,SimOpt_int_short_0,0.9999999999999999
798,C46062-1,SimOpt_int_short_0,1.0
799,C46113-0,SimOpt_int_0,1.379131662750786e-16
800,C46113-0,SimOpt_int_short_0,0.9999999999999999
801,C46239-0,SimOpt_int_0,1.0
802,C47018-0,SimOpt_no_management_0,1.0
803,C47042-0,SimOpt_no_management_0,1.0
804,C47171-0,SimOpt_extensive_14,0.9999999999999999
805,C47217-1,SimOpt_ccover_0,1.0
806,C48227-0,SimOpt_int_short_0,1.0
807,C50012-0,SimOpt_extensive_15,1.0
808,C50034-0,SimOpt_extensive_long_18,1.0
809,C50037-1,SimOpt_extensive_long_0,1.0
810,C50147-1,SimOpt_multispecies_18,1.0
811,C50229-0,SimOpt_int_short_0,1.0
812,C51153-1,SimOpt_ccover_0,1.0
813,C51184-0,SimOpt_multispecies_0,1.0
814,C51239-0,SimOpt_no_management_0,1.0
815,C51243-0,SimOpt_ccover_0,1.0
816,C51249-1,SimOpt_extensive_0,1.0000000000000002
817,C52063-2,SimOpt_extensive_0,1.0
818,C54156-0,SimOpt_multispecies_18,1.0
819,C55051-0,SimOpt_extensive_2,1.0
820,C55062-0,SimOpt_extensive_0,1.0
821,C55072-0,SimOpt_extensive_long_0,1.0
822,C55095-1,SimOpt_extensive_2,1.0
823,C55146-0,SimOpt_ccover_0,1.0
824,C55156-0,SimOpt_extensive_long_0,1.0
825,C55254-0,SimOpt_extensive_long_0,1.0
826,C56028-0,SimOpt_ccover_0,1.0
827,C59052-0,SimOpt_extensive_0,1.0
828,C59057-1,SimOpt_no_management_0,1.0
829,C59093-0,SimOpt_extensive_long_0,1.0
830,C59096-0,SimOpt_extensive_15,1.0
831,C59106-0,SimOpt_int_2,1.0
832,C60019-1,SimOpt_no_management_0,1.0
833,C60116-0,SimOpt_extensive_long_0,1.0
834,C60125-0,SimOpt_extensive_long_18,1.0
835,D01191-2,SimOpt_int_short_0,1.0
836,D01207-0,SimOpt_int_0,1.0
837,D01249-0,SimOpt_int_short_2,1.0
838,D05235-0,SimOpt_int_0,0.6738015356518947
839,D05235-0,SimOpt_int_short_0,0.3261984643481054
840,D05243-0,SimOpt_extensive_long_0,0.9999999999999999
841,D05243-0,SimOpt_int_short_0,1.2413771114761973e-16
842,D05249-0,SimOpt_extensive_0,1.0
843,D05256-0,SimOpt_int_short_0,1.0
844,D06018-0,SimOpt_int_4,1.0
845,D06163-0,SimOpt_int_short_0,1.0
846,D06171-0,SimOpt_extensive_0,0.9999999999999999
847,D06171-0,SimOpt_int_short_0,1.9339352103506432e-16
848,D06218-1,SimOpt_int_short_0,1.0
849,D09102-0,SimOpt_int_short_5,1.0
850,D09104-1,SimOpt_extensive_long_0,1.0
851,D13036-0,SimOpt_extensive_long_0,1.0
852,D13103-0,SimOpt_extensive_long_1,1.0
853,D13153-0,SimOpt_int_short_0,1.0
854,D14063-0,SimOpt_int_0,1.0
855,D14182-0,SimOpt_extensive_14,1.0
856,D18016-0,SimOpt_extensive_long_10,1.0
857,D21044-0,SimOpt_extensive_2,1.0
858,D41191-0,SimOpt_int_short_0,1.0
859,D43157-0,SimOpt_int_0,1.542614396963228e-16
860,D43157-0,SimOpt_int_short_0,0.9999999999999999
861,D43187-0,SimOpt_extensive_long_0,1.0
862,D43232-0,SimOpt_ccover_0,1.0
863,D45099-0,SimOpt_no_management_0,1.0
864,D45109-0,SimOpt_ccover_0,1.0
865,D45151-1,SimOpt_extensive_1,0.9999999999999999
866,D45151-1,SimOpt_extensive_2,1.7321449542234293e-16
867,D46046-0,SimOpt_no_management_0,1.0
868,D46062-0,SimOpt_extensive_0,1.0
869,D46064-0,SimOpt_int_short_0,1.0
870,D46111-1,SimOpt_extensive_long_0,1.0
871,D46219-1,SimOpt_extensive_1,0.5929705421879166
872,D46219-1,SimOpt_int_short_0,0.4070294578120835
873,D47108-0,SimOpt_extensive_9,1.0
874,D50062-0,SimOpt_multispecies_0,1.0
875,D50146-0,SimOpt_int_0,1.0
876,D50223-0,SimOpt_extensive_long_0,1.0
877,D50225-0,SimOpt_extensive_long_0,1.0
878,D51014-0,SimOpt_ccover_0,1.0
879,D51167-1,SimOpt_ccover_0,1.0
880,D51219-1,SimOpt_no_management_0,1.0
881,D54039-0,SimOpt_extensive_18,1.0
882,D54086-0,SimOpt_extensive_2,1.0
883,D55019-0,SimOpt_extensive_2,0.48441490288203853
884,D55019-0,SimOpt_extensive_long_14,0.004445292290249569
885,D55019-0,SimOpt_extensive_long_15,0.5111398048277119
886,D55169-0,SimOpt_int_short_0,1.0
887,D55187-0,SimOpt_extensive_2,1.0
888,D55205-0,SimOpt_extensive_9,1.0
889,D58195-0,SimOpt_extensive_2,1.0
890,D58203-0,SimOpt_int_short_0,1.0
891,D58239-0,SimOpt_extensive_0,1.0
892,D59021-0,SimOpt_int_0,1.0
893,D59058-0,SimOpt_no_management_0,1.0
894,D59061-0,SimOpt_multispecies_18,1.0
895,D59063-0,SimOpt_int_short_8,1.0
896,D59092-0,SimOpt_int_0,1.0
897,D59112-0,SimOpt_extensive_long_0,0.9999999999999999
898,D59118-0,SimOpt_extensive_2,1.0
899,D59162-0,SimOpt_extensive_long_18,1.0
900,D60014-1,SimOpt_extensive_14,1.0
901,D60122-0,SimOpt_extensive_2,1.0
902,D62089-0,SimOpt_extensive_18,1.0000000000000002
903,D62098-0,SimOpt_extensive_0,0.9999999999999999
904,D62098-0,SimOpt_int_0,1.3607249110293304e-16
905,D62113-0,SimOpt_extensive_long_9,1.0
906,D63075-0,SimOpt_multispecies_0,1.0
907,D63097-0,SimOpt_extensive_long_0,1.0
908,D63147-1,SimOpt_int_0,1.0
909,D63187-0,SimOpt_int_short_0,1.0
910,D67055-0,SimOpt_extensive_0,1.0
911,D67223-0,SimOpt_int_0,1.0
912,D67238-0,SimOpt_extensive_0,9.755805303481653e-17
913,D67238-0,SimOpt_no_management_0,1.0
914,D68018-0,SimOpt_extensive_0,1.0
915,D68141-0,SimOpt_extensive_long_0,1.0
916,D71074-0,SimOpt_extensive_0,0.9999999999999999
917,D71084-0,SimOpt_extensive_18,1.0
918,D72211-0,SimOpt_extensive_2,1.0
919,D72224-0,SimOpt_extensive_18,1.0
920,D72236-0,SimOpt_extensive_9,1.0
921,D76019-0,SimOpt_extensive_0,1.9250599363501307e-16
922,D76019-0,SimOpt_extensive_long_0,0.9999999999999999
923,D76071-0,SimOpt_extensive_long_0,1.0
924,D76238-1,SimOpt_extensive_18,0.5617246386749697
925,D76238-1,SimOpt_extensive_2,0.43827536132503037
926,D83233-0,SimOpt_extensive_0,1.0
927,D84247-1,SimOpt_int_short_0,1.0
928,D88023-0,SimOpt_extensive_long_0,1.0
929,D88131-0,SimOpt_extensive_0,1.0
930,D92044-0,SimOpt_extensive_long_0,1.0
931,E01175-0,SimOpt_extensive_long_0,1.0
932,E05186-0,SimOpt_extensive_0,1.0
933,E09082-0,SimOpt_int_short_0,1.0
934,E09086-0,SimOpt_int_short_0,1.0
935,E09088-0,SimOpt_int_short_0,1.0
936,E09148-0,SimOpt_extensive_long_18,1.0
937,E09196-0,SimOpt_extensive_18,1.0
938,E10118-0,SimOpt_extensive_18,1.0
939,E13045-1,SimOpt_no_management_0,1.0
940,E13048-0,SimOpt_extensive_18,1.0
941,E13203-0,SimOpt_extensive_2,0.9999999999999999
942,E13203-0,SimOpt_extensive_9,1.3192132583419858e-16
943,E13239-0,SimOpt_extensive_2,0.9999999999999999
944,E13239-0,SimOpt_extensive_long_18,1.6395476744076104e-16
945,E13253-0,SimOpt_extensive_0,1.0
946,E14161-0,SimOpt_extensive_2,1.0
947,E17097-0,SimOpt_int_short_0,1.0
948,E17098-0,SimOpt_no_management_0,0.9999999999999999
949,E17181-0,SimOpt_extensive_long_18,1.0
950,E17258-0,SimOpt_extensive_long_0,1.0
951,E17258-0,SimOpt_int_short_0,3.803609413393554e-17
952,E18182-0,SimOpt_int_short_0,1.0
953,E18239-0,SimOpt_extensive_9,1.0
954,E22057-0,SimOpt_no_management_0,1.0
955,E22098-0,SimOpt_extensive_long_18,1.0
956,E22133-0,SimOpt_extensive_2,1.0
957,E22152-2,SimOpt_extensive_long_0,1.0
958,E22245-0,SimOpt_extensive_9,1.0
959,E22257-0,SimOpt_extensive_long_0,1.0
960,E23061-0,SimOpt_int_0,1.0
961,E23127-0,SimOpt_extensive_long_18,1.0
962,E23128-0,SimOpt_extensive_0,1.0
963,E23181-0,SimOpt_extensive_2,1.0
964,E23196-0,SimOpt_extensive_long_0,1.0
965,E23216-0,SimOpt_extensive_0,1.0
966,E25084-1,SimOpt_extensive_9,1.0
967,E25097-0,SimOpt_extensive_0,1.0
968,E25104-0,SimOpt_extensive_18,1.0
969,E25109-0,SimOpt_extensive_long_0,0.9999999999999999
970,E25109-0,SimOpt_int_0,1.4892788072735616e-16
971,E25146-0,SimOpt_extensive_0,1.0
972,E25149-0,SimOpt_extensive_0,1.0
973,E25159-0,SimOpt_extensive_18,1.0
974,E25193-0,SimOpt_extensive_2,1.0
975,E25202-1,SimOpt_extensive_2,1.0
976,E25203-0,SimOpt_no_management_0,1.0
977,E25259-0,SimOpt_no_management_0,1.0
978,E26046-0,SimOpt_int_short_0,1.0
979,E26085-1,SimOpt_extensive_9,1.0
980,E26135-0,SimOpt_extensive_0,1.0
981,E27025-0,SimOpt_extensive_18,1.0
982,E27042-0,SimOpt_extensive_2,1.0
983,E27044-0,SimOpt_extensive_2,1.0
984,E27064-0,SimOpt_extensive_0,1.0
985,E27163-0,SimOpt_extensive_2,1.0
986,E27175-0,SimOpt_extensive_long_18,1.0
987,E28119-0,SimOpt_extensive_0,1.0
988,E28119-0,SimOpt_extensive_long_0,1.0685395063264184e-16
989,E28164-0,SimOpt_no_management_0,1.0
990,E28211-0,SimOpt_extensive_9,1.0
991,E28222-0,SimOpt_extensive_0,1.0
992,E28223-0,SimOpt_int_short_0,0.8217677650431381
993,E28223-0,SimOpt_multispecies_0,0.17823223495686177
994,E29051-0,SimOpt_extensive_0,1.0
995,E29101-2,SimOpt_extensive_long_9,1.0
996,E31038-1,SimOpt_extensive_2,1.0
997,E31044-0,SimOpt_extensive_0,1.0
998,E31069-0,SimOpt_extensive_9,1.0
999,E31119-0,SimOpt_extensive_18,1.0
1000,E31128-0,SimOpt_no_management_0,1.0
1001,E31183-0,SimOpt_extensive_long_0,1.0
1002,E31193-0,SimOpt_extensive_0,1.0
1003,E31194-1,SimOpt_extensive_0,1.0
1004,E31196-0,SimOpt_extensive_long_9,1.0
1005,E31197-0,SimOpt_extensive_9,1.0
1006,E32026-0,SimOpt_extensive_0,0.9999999999999999
1007,E32026-0,SimOpt_no_management_0,1.816288238932134e-16
1008,E32066-0,SimOpt_extensive_0,1.0
1009,E32069-0,SimOpt_extensive_long_9,1.0
1010,E32078-1,SimOpt_int_0,1.0
1011,E32081-2,SimOpt_extensive_0,1.0
1012,E32086-0,SimOpt_extensive_2,1.0
1013,E32136-0,SimOpt_extensive_long_9,1.0
1014,E32143-0,SimOpt_extensive_0,1.0
1015,E32166-0,SimOpt_extensive_0,1.0
1016,E35073-0,SimOpt_extensive_long_0,1.0
1017,E35092-0,SimOpt_no_management_0,1.0
1018,E36012-0,SimOpt_extensive_long_18,1.0
1019,E36168-1,SimOpt_extensive_long_18,1.0
1020,F01208-0,SimOpt_no_management_0,1.0
1021,F05058-0,SimOpt_extensive_0,1.0
1022,F05138-0,SimOpt_extensive_2,0.9999999999999999
1023,F05138-0,SimOpt_extensive_long_9,1.7285424685630307e-16
1024,F05172-0,SimOpt_int_0,0.9999999999999999
1025,F05189-0,SimOpt_extensive_2,0.9999999999999999
1026,F05189-0,SimOpt_extensive_long_9,1.5461717429906815e-16
1027,F05238-0,SimOpt_extensive_2,1.0
1028,F06114-0,SimOpt_extensive_2,1.0
1029,F09026-0,SimOpt_int_0,0.9999999999999999
1030,F09026-0,SimOpt_int_short_0,1.706265679338583e-16
1031,F09031-0,SimOpt_extensive_long_0,1.0
1032,F09073-0,SimOpt_extensive_long_18,1.0
1033,F09186-1,SimOpt_extensive_0,2.1616540150052941e-16
1034,F09186-1,SimOpt_extensive_long_0,0.9999999999999999
1035,F10092-1,SimOpt_extensive_2,1.0
1036,F10233-0,SimOpt_no_management_0,1.0
1037,F10253-2,SimOpt_extensive_long_0,1.0
1038,F11164-1,SimOpt_extensive_18,1.0
1039,F11226-0,SimOpt_extensive_2,1.0
1040,F11234-0,SimOpt_extensive_15,0.2727776427284762
1041,F11234-0,SimOpt_extensive_long_14,0.7272223572715238
1042,F13145-0,SimOpt_extensive_2,1.0
1043,F13246-0,SimOpt_extensive_0,0.9999999999999999
1044,F13246-0,SimOpt_extensive_9,1.2340139991269865e-16
1045,F14113-0,SimOpt_extensive_2,1.0
1046,F14116-0,SimOpt_extensive_0,1.0
1047,F14204-0,SimOpt_extensive_9,1.0
1048,F15023-0,SimOpt_int_short_0,1.0
1049,F15071-0,SimOpt_extensive_2,1.0
1050,F15072-0,SimOpt_extensive_long_0,1.0
1051,F15155-0,SimOpt_extensive_long_18,1.0
1052,F15182-0,SimOpt_extensive_long_18,0.9999999999999999
1053,F18016-0,SimOpt_no_management_0,1.0
1054,F19032-0,SimOpt_extensive_0,0.9999999999999999
1055,F19032-0,SimOpt_extensive_9,1.5823739477693919e-16
1056,F19045-0,SimOpt_extensive_2,1.0
1057,G07132-0,SimOpt_no_management_0,1.0
1058,G11028-0,SimOpt_extensive_long_0,1.0
1059,G11092-0,SimOpt_extensive_0,1.0
1060,G11154-0,SimOpt_extensive_long_0,1.0
1061,G11181-0,SimOpt_extensive_2,0.9999999999999999
1062,G11181-0,SimOpt_extensive_long_18,1.5164854657855933e-16
1063,G11251-0,SimOpt_extensive_2,1.0
1064,G13092-0,SimOpt_extensive_long_0,1.0
1065,G13151-0,SimOpt_extensive_long_0,1.0
1066,G15021-1,SimOpt_extensive_0,0.9999999999999999
1067,G20131-0,SimOpt_extensive_0,1.0
1068,H02109-0,SimOpt_no_management_0,1.0
1069,H02157-0,SimOpt_no_management_0,1.0
1070,H03114-0,SimOpt_extensive_0,1.0
1071,H03115-0,SimOpt_extensive_2,1.0
1072,H03169-0,SimOpt_extensive_0,1.0
1073,H07022-0,SimOpt_extensive_0,1.0
1074,H07023-0,SimOpt_extensive_0,1.0
1075,H07081-1,SimOpt_no_management_0,1.0
1076,H07083-1,SimOpt_extensive_0,1.0
1077,H07093-1,SimOpt_int_0,1.0
1078,H07096-0,SimOpt_extensive_0,1.9060222801334021e-16
1079,H07096-0,SimOpt_extensive_long_0,0.9999999999999999
1080,H07105-0,SimOpt_extensive_0,1.0
1081,H14041-0,SimOpt_extensive_long_0,1.0
1082,H14071-0,SimOpt_extensive_0,1.2253800586010095e-17
1083,H14071-0,SimOpt_extensive_2,1.0
